{
  "cmd": [
    "node",
    "/workspace/plang/benchmarks/workloads/file/bench.js"
  ],
  "exit": 0,
  "wall_s": 0.07520208403002471,
  "loop_ns": 36478772,
  "cpu_user_s": 0.048981,
  "cpu_sys_s": 0.031170000000000003,
  "cpu_total_s": 0.080151,
  "rss_max_mib": 53.4921875,
  "iter_count": 5000,
  "p50_ns": 5700.0,
  "p95_ns": 11301.0,
  "p99_ns": 21003.990000000063,
  "stdout_tail": "0,5000,4700,4400,5000,4600,4700,4300,4700,4601,4700,4400,4700,4500,4700,4400,4800,4600,4900,4600,5200,4601,5200,4500,4700,5100,4800,4500,4800,4600,5300,4600,4801,4400,4700,4500,4700,4400,4900,4600,4700,4700,4800,5001,5000,4500,4700,4600,4700,4600,4600,4500,4700,4500,4801,4500,5100,4700,5000,16200,12000,5801,8100,79201,6400,4800,4600,5001,4500,4600,4900,4700,4400,4600,4600,4500,4500,4600,4800,4901,4700,4500,4600,4700,4500,4600,4600,4600,4900,4600,4601,4600,5300,4700,4700,4600,4600,4600,4600,4600,4500,4400,4701,4600,4900,4700,5200,4800,4500,4700,5000,4600,4500,4501,4600,4700,5700,4600,4800,4600,4300,4600,4600,5000,5401,4900,4500,4600,4500,4600,4600,4600,4700,4700,4700,4601,4800,4600,5500,4800,4600,4700,4800,4700,4500,4900,5000,4800,4400,5600,4800,4700,4400,4500,5500,4800,4600,4600,4701,4700,4500,4700,4700,4500,4500,5000,4800,5100,5400,5001,4600,4900,4700,4800,4600,4600,4500,4800,4600,6800,4600,4600,6100,4700,4500,4600,4600,4600,4401,4700,4600,5000,4400,4600,4500,5300,4600,4600,4700,4501,4400,4600,4700,4900,4500,71201,10200,6301,5600,5800,5400,5400,5600,5400,5500,5400,5301,5800,6800,5400,5200,5400,6200,5500,6000,5501,5300,5400,5100,5400,5400,5600,5400,5800,5500,6201,5200,5400,5300,5500,5300,5300,6400,5900,5300,6801,5600,5400,5200,5800,5500,5400,5300,5400,5301,5400,5300,5500,5700,5600,5200,5400,5400,5400,5301,5400,6300,5500,5100,5700,5400,5300,5300,5800,5501,5400,5100,5300,5500,5800,5600,5400,5100,5401,5100,5300,5100,5300,5100,6200,5300,5200,5000,5300,5301,5400,5000,5300,5200,5300,5100,5300,5200,10401,5200,5300,5300,5300,4900,5300,5400,5500,5000,5301,5400,5400,5100,5300,5200,5600,5100,5300,5200,5301,5000,5600,5600,5200,5000,5200,5200,5800,5100,5301,5200,5200,5800,5300,5200,5300,5000,5300,5400,5701,4900,5300,5200,5200,4900,5300,5200,5400,5000,5201,5500,5400,4900,5400,6300,5500,5100,5200,5200,5301,5300,5500,5200,5500,5100,5300,5100,18401,4900,5100,5000,5400,5100,5000,4900,5000,4800,5001,4900,5100,4700,5000,4900,6700,5400,5000,5100,5001,4600,4900,5000,23100,4900,5500,5200\n",
  "stderr_tail": ""
}