{
  "cmd": [
    "node",
    "/workspace/plang/benchmarks/workloads/file/bench.js"
  ],
  "exit": 0,
  "wall_s": 0.07369335601106286,
  "loop_ns": 37621993,
  "cpu_user_s": 0.04922399999999999,
  "cpu_sys_s": 0.032815999999999984,
  "cpu_total_s": 0.08203999999999997,
  "rss_max_mib": 53.4921875,
  "iter_count": 5000,
  "p50_ns": 5800.0,
  "p95_ns": 11400.0,
  "p99_ns": 26803.010000000068,
  "stdout_tail": "5400,5500,5701,4900,5200,5200,5400,4900,5300,6100,5500,5200,5301,5100,5300,4800,5300,7200,5400,4900,5300,5100,5301,4900,5400,4900,5600,5000,5300,5000,5500,5100,5401,5000,5300,4800,5300,5000,5600,4900,5300,5000,5600,4901,5400,5000,5400,4800,5500,6500,5400,4800,5300,5001,5300,4800,5300,5200,6800,4900,8700,7700,5501,4800,6300,5200,5200,4900,5200,5400,5400,5100,5201,5300,5400,4900,5400,5000,5300,5100,5300,6400,5701,5000,5200,4900,5300,4900,5400,5000,6500,5200,5401,5000,5300,4900,5300,5100,5300,6400,5500,5000,6101,5000,6000,8900,12100,10000,10501,10200,6400,8600,53001,9900,6300,5400,5401,5100,5400,7200,5400,5500,10600,10300,9200,11700,10500,10900,11201,11700,10500,8800,8900,11500,7901,6400,5400,5300,5400,5100,5200,5100,5300,5001,5200,7300,5500,5000,5200,5100,5400,5100,5200,5201,5200,5100,5200,5100,5200,5000,18500,4701,4500,4500,5000,4800,4700,4500,4700,4500,4700,4600,4601,4500,4600,4400,4900,5700,4800,4400,4600,4700,4700,4600,4700,4500,4800,4500,4600,4600,4900,4500,4600,4500,4600,4601,4600,4700,4700,4400,4700,5100,4900,4500,4700,23001,5200,5300,5400,6300,5600,5000,5200,5301,8100,9000,8600,8500,8100,5400,5101,17700,4700,25500,5201,5000,5300,5800,35401,13400,5700,5200,5100,5200,5200,5200,5100,5501,5200,5000,5000,7000,5300,5100,5500,4900,5100,5101,5100,5000,5300,5200,5100,5300,5300,5100,5100,4901,5200,5300,5100,5000,93002,8800,5800,5400,5400,5200,5100,5700,5301,5100,5100,5400,5200,5300,5100,5400,18401,4900,5400,7200,7800,4900,5000,4900,4900,5101,5000,24800,7000,5700,5800,6001,4900,5200,5000,5000,5300,5000,5000,5200,4900,4900,4901,4900,4700,5000,5100,5200,4700,4900,4900,5000,4800,4901,5000,4900,4700,4900,5500,5000,22801,5600,5700,5100,5000,5100,5100,5300,5100,5200,5101,5100,5100,5100,5100,18000,4900,5000,5001,5000,4900,5000,4800,5100,5200,4900,4900,4900,4700,4901,4900,4900,5000,7800,8000,8200,5000,4900,5101,5000,4800,4900,4800,4900,4600,4900,4900,4900,5001,4900,4700,4900,4800,5400,4800,5100,4800,4900,4700,5101,5200,4900,7400,5100,5000,5000,4700,4800,4900,4800,4600,4900,4600\n",
  "stderr_tail": ""
}