{
  "cmd": [
    "node",
    "/workspace/plang/benchmarks/workloads/file/bench.js"
  ],
  "exit": 0,
  "wall_s": 0.07012989098438993,
  "loop_ns": 35048545,
  "cpu_user_s": 0.030894000000000033,
  "cpu_sys_s": 0.04634100000000001,
  "cpu_total_s": 0.07723500000000004,
  "rss_max_mib": 53.4921875,
  "iter_count": 5000,
  "p50_ns": 5600.0,
  "p95_ns": 10800.0,
  "p99_ns": 23602.000000000044,
  "stdout_tail": "100,5000,4800,5000,6100,5100,5001,5100,4900,5000,4900,4900,4900,4900,5500,5100,5000,5001,5000,5100,4900,5000,4900,5000,5100,4900,4800,5100,5001,4900,5400,5200,5100,4900,4800,5100,6100,5100,5701,5200,5000,4900,4800,5000,5000,5200,4900,5200,4901,4900,4900,4900,4900,5100,4900,5100,4900,5000,4900,5001,4900,5100,5000,5000,5300,5100,4900,5000,6000,5001,4800,5000,4900,4900,4900,5000,5000,5100,5000,5100,4901,8800,56901,6500,5700,5400,5500,5100,5100,5000,5001,4800,5500,5000,5000,5200,5100,5100,4900,5800,6801,5200,5100,4800,5000,5100,5000,4800,5100,4800,6101,5100,5100,4800,5100,5000,17900,4800,4901,4900,4900,4600,4900,5100,4900,4700,4900,5300,5000,4801,4800,4800,6100,4900,4900,4800,5000,4800,5300,5100,4901,4800,4900,5000,5200,4800,4800,4800,4900,4800,4900,4800,4900,4700,5100,4800,4900,5100,4900,4800,4800,4701,4800,6000,6000,4900,4900,4800,4900,4900,5100,4800,4801,4800,4800,4700,4900,4800,4900,4800,4900,4800,4800,4901,5100,4900,4900,5100,5300,4800,4800,4800,4900,5001,4800,4800,7900,5400,5000,4900,4900,40801,12900,6200,5400,5001,4900,4700,4800,4700,4900,4800,4800,4700,5000,5200,5101,4700,19500,9200,7200,5500,5100,4800,4700,4900,4900,4800,7000,5200,4800,4900,5000,4901,4700,4600,4700,4800,4800,4700,4900,5200,4800,4700,4701,4800,4700,5000,4800,4700,4600,4900,4800,4800,4800,5001,4900,4700,4800,5400,5700,4900,4800,5000,4800,4700,4801,5700,4800,4800,4800,4800,4600,4800,4800,5100,4800,5101,5000,4900,5000,5100,4800,4800,4800,4800,4700,4801,4700,4900,4800,4700,7300,4800,4900,5000,4800,5100,4801,4800,17800,5400,4900,4900,4900,5000,4901,4900,4900,5100,4900,5100,5100,4900,4700,4800,4900,5401,5000,4900,4900,5000,4800,4900,6000,5200,4900,5001,4800,4900,4900,4900,4900,5700,5000,4900,4800,4900,4801,5000,5100,5200,4900,5100,4900,4900,4800,4800,4900,4901,4800,4900,4900,5100,5000,5000,6300,5000,4900,4801,4800,5000,4900,4800,4900,4900,5000,4900,4800,4900,4901,5000,4800,5000,4900,4900,4900,4900,4800,4800,4700,4901,4900,4900,4900,5900,5000,5000,6000,4900,4900,5001,4900,4900,4800,4900,4900,4900,4900\n",
  "stderr_tail": ""
}