{
  "cmd": [
    "node",
    "/workspace/plang/benchmarks/workloads/hello/bench.js"
  ],
  "exit": 0,
  "wall_s": 0.03719918499700725,
  "loop_ns": 1728931,
  "cpu_user_s": 0.025746,
  "cpu_sys_s": 0.012872999999999999,
  "cpu_total_s": 0.038619,
  "rss_max_mib": 51.61328125,
  "iter_count": 5000,
  "p50_ns": 100.0,
  "p95_ns": 200.0,
  "p99_ns": 300.0,
  "stdout_tail": "0,100,0,0,100,100,0,100,100,0,0,100,100,0,100,100,0,100,100,0,100,100,100,0,100,100,0,0,100,100,0,100,100,100,0,100,100,0,0,100,0,0,100,0,0,100,100,0,100,100,0,100,200,100,100,100,0,0,0,100,100,100,0,0,0,100,100,100,0,0,0,100,100,100,0,0,0,0,100,100,100,0,0,0,100,100,100,0,0,1100,0,0,0,100,100,100,0,0,0,100,100,100,0,0,0,0,100,100,100,0,0,0,100,100,100,0,0,0,0,100,100,200,100,0,0,100,100,0,100,100,1100,100,0,0,100,100,0,100,0,0,100,100,0,100,0,0,100,0,0,100,100,0,100,100,0,100,100,0,100,100,0,100,100,100,0,100,100,0,100,100,100,0,100,100,0,0,100,0,0,100,0,0,100,100,0,100,100,0,100,100,0,100,100,0,100,100,0,0,100,100,0,100,100,0,0,100,0,0,100,100,0,100,0,100,0,0,100,100,0,100,100,0,100,100,0,100,100,0,100,100,100,0,100,100,0,100,100,100,0,100,100,0,0,100,100,0,100,100,0,100,100,0,1800,100,100,0,100,100,0,0,100,0,100,100,0,100,100,0,100,100,0,0,100,100,0,100,100,0,100,100,0,100,100,0,0,100,100,0,100,100,100,100,0,100,100,100,0,100,100,0,0,100,100,0,100,100,0,100,100,100,0,100,100,0,100,100,100,0,100,100,0,100,100,100,0,100,100,0,0,100,100,0,100,100,0,100,100,100,0,100,100,0,100,100,100,0,100,100,0,100,100,100,0,100,100,0,0,100,100,0,100,100,0,0,100,100,0,100,100,0,1400,100,100,0,100,100,0,100,100,0,0,100,100,0,100,100,0,100,100,0,0,100,0,0,100,100,0,100,100,0,100,100,0,0,100,0,0,100,100,0,100,100,0,100,100,0,0,100,0,0,100,100,0,100,100,0,100,100,0,100,100,0,0,100,0,0,100,100,0,100,100,0,100,100,0,0,100,0,0,100,0,0,0,100,100,0,100,100,0,100,100,0,100,100,0,100,100,100,0,100,100,0,0,100,0,0,100,0,0,100,0,0,100,100,0,100,100,0,100,100,0,100,100,100,0,100,100,0,100,100,0,100,100,0,0,100,100,0,100,100,0,100,100,0,0,100,100,0,100,100,0,100,100,0,0,100,100,0,100,100,0,0,100,6600,100,100,0,100,100,100,0,100,100,0,100,100,0,0,100,100,0,100,100,0,0,100,100,0,100,100,100,0,100,100,0,0,100,100,0,100,100,0,0,100,100,0,100,100,0,100,100,0,100,100,0,100,100,100,0,100,100,0,0,100,100,0,100,100,0,0,100,100,0,100,100,0,0,100,100,0,100,100,0,0,1200,0,100,0,0,100,100,0,100,100,0,100,0,0\n",
  "stderr_tail": ""
}