{
  "cmd": [
    "node",
    "/workspace/plang/benchmarks/workloads/hello/bench.js"
  ],
  "exit": 0,
  "wall_s": 0.040184540033806115,
  "loop_ns": 2945654,
  "cpu_user_s": 0.03360599999999999,
  "cpu_sys_s": 0.006720999999999998,
  "cpu_total_s": 0.04032699999999999,
  "rss_max_mib": 51.7421875,
  "iter_count": 5000,
  "p50_ns": 200.0,
  "p95_ns": 300.0,
  "p99_ns": 500.0,
  "stdout_tail": "200,300,200,200,300,300,300,200,4201,300,200,200,200,200,200,300,200,200,200,200,300,200,200,200,200,300,200,200,200,300,300,200,200,200,300,200,200,200,300,300,300,200,200,300,3700,300,100,200,200,300,200,200,200,200,300,300,200,300,200,200,300,200,200,200,200,200,200,200,300,300,200,200,300,300,200,200,300,300,200,200,200,200,300,300,200,200,200,300,300,200,300,200,200,200,200,200,200,200,200,300,200,300,200,200,200,200,200,300,200,200,200,200,200,300,300,100,300,200,200,200,300,300,200,2700,200,300,300,200,200,200,300,300,200,200,200,300,300,300,200,200,200,300,300,200,200,200,300,300,200,200,300,200,300,200,200,200,200,200,200,200,200,200,200,13401,100,100,200,100,200,200,200,100,200,200,200,100,200,200,100,200,200,200,200,200,100,200,200,100,200,200,200,100,200,200,200,100,200,200,200,200,200,200,100,200,200,100,100,200,200,200,200,200,200,100,100,200,200,100,100,100,100,200,200,200,200,100,100,200,200,200,200,200,100,200,200,200,200,100,200,200,100,2000,200,200,200,200,100,100,200,200,200,200,200,100,200,200,200,200,100,200,200,200,200,200,200,200,200,200,200,100,200,200,200,100,100,100,100,200,200,200,200,200,200,200,200,200,100,200,200,200,200,201,100,100,200,200,200,200,200,200,200,200,100,200,200,200,100,100,200,200,100,200,200,200,100,200,100,100,100,100,2900,200,200,200,100,200,100,200,200,100,100,100,200,200,200,200,200,100,200,200,200,200,100,100,200,200,200,200,100,200,200,200,200,200,100,200,200,200,200,100,200,200,200,200,200,100,200,200,200,200,100,200,200,100,100,200,200,100,200,200,100,100,200,200,100,100,100,100,100,200,200,200,100,100,200,200,200,200,100,200,200,100,200,200,100,100,200,100,100,100,200,200,200,100,100,200,200,100,200,100,100,200,200,200,100,100,200,200,200,200,100,200,200,200,200,100,200,200,4400,100,100,200,200,200,100,200,200,200,100,100,200,200,200,100,100,200,100,100,200,200,100,200,200,100,100,200,200,100,100,200,200,200,200,200,100,100,100,200,100,100,100,200,100,200,200,200,200,200,100,100,100,200,200,100,200,200,100,100\n",
  "stderr_tail": ""
}