{
  "cmd": [
    "node",
    "/workspace/plang/benchmarks/workloads/hello/bench.js"
  ],
  "exit": 0,
  "wall_s": 0.035466153000015765,
  "loop_ns": 1653630,
  "cpu_user_s": 0.026239,
  "cpu_sys_s": 0.008746999999999998,
  "cpu_total_s": 0.034985999999999996,
  "rss_max_mib": 51.7421875,
  "iter_count": 5000,
  "p50_ns": 100.0,
  "p95_ns": 200.0,
  "p99_ns": 300.0,
  "stdout_tail": ",0,100,100,0,100,0,0,100,100,0,100,100,0,0,100,100,0,0,100,100,0,0,100,100,0,0,100,100,0,0,100,100,0,0,100,100,0,0,100,100,0,0,100,100,0,1100,0,0,100,100,0,0,100,100,0,0,100,100,0,0,100,100,0,0,100,100,0,0,100,100,0,0,0,100,100,0,0,100,100,0,0,100,100,0,0,100,2100,0,0,100,100,0,0,100,100,0,0,100,100,0,0,0,100,100,0,0,100,100,0,0,100,100,0,0,100,100,0,0,0,100,100,0,0,100,100,0,0,0,0,0,100,100,0,100,100,0,0,100,100,0,0,0,100,100,0,100,100,100,0,100,100,100,0,0,100,100,0,0,100,100,100,0,100,100,100,0,0,100,1000,0,100,0,0,100,100,0,100,100,100,0,100,100,100,0,0,100,100,0,100,100,100,0,0,100,0,0,100,100,0,0,100,100,0,0,100,100,0,0,100,0,100,100,0,0,100,100,0,100,100,100,0,0,100,100,0,100,100,100,0,0,100,100,0,0,100,100,0,0,100,100,0,0,100,100,0,100,100,100,0,0,0,100,100,100,0,100,100,0,0,100,100,0,0,100,100,0,0,100,100,0,0,100,0,0,100,100,0,100,100,100,0,100,100,100,0,0,100,100,0,0,100,100,0,100,100,100,0,0,100,100,0,0,100,100,0,0,100,100,100,0,0,100,100,0,100,100,0,0,100,100,0,0,101,100,0,0,100,100,100,100,100,0,100,100,100,0,0,100,100,0,0,100,100,0,0,100,100,0,0,100,100,0,0,100,100,0,0,100,100,0,0,100,100,0,0,0,100,100,0,0,100,100,0,0,100,100,0,0,100,100,0,0,100,100,0,100,100,100,0,100,100,100,0,0,100,100,0,0,100,100,0,0,100,100,0,100,100,0,0,100,0,100,100,0,100,100,0,0,100,100,0,0,100,100,0,100,100,100,0,0,100,100,0,0,100,100,0,0,100,0,0,100,100,0,0,100,100,0,100,100,1100,0,100,0,0,100,100,0,0,100,100,0,0,100,100,0,0,100,100,0,0,100,100,0,0,100,100,0,0,100,100,0,100,100,0,0,100,100,0,0,100,1100,0,100,100,0,100,100,100,0,0,100,100,0,0,100,100,0,100,100,100,0,0,100,100,0,0,100,0,0,100,100,100,0,0,100,0,0,100,100,0,0,1000,0,100,100,0,0,100,100,0,0,0,100,100,0,0,100,100,0,0,100,100,0,0,100,100,0,0,100,100,0,0,100,100,0,0,100,100,0,100,100,0,1100,100,0,0,100,100,0,100,100,0,0,100,100,0,0,100,100,0,100,100,0,0,100,100,0,0,100,100,0,100,100,0,0,100,100,0,100,100,100,0,0,0,0,100,100,0,100,100,100,0,0,100,100,0,0,100,100,100,0,0,100,100,0,0,100,100,0,0,100,100,0,0,100,100,0,0\n",
  "stderr_tail": ""
}