{
  "cmd": [
    "node",
    "/workspace/plang/benchmarks/workloads/json/bench.js"
  ],
  "exit": 0,
  "wall_s": 0.038796513981651515,
  "loop_ns": 3962673,
  "cpu_user_s": 0.03515300000000002,
  "cpu_sys_s": 0.0039049999999999987,
  "cpu_total_s": 0.039058000000000016,
  "rss_max_mib": 51.98828125,
  "iter_count": 5000,
  "p50_ns": 500.0,
  "p95_ns": 800.0,
  "p99_ns": 2000.0,
  "stdout_tail": "00,400,500,400,400,400,500,400,400,400,500,400,400,500,400,400,500,500,400,400,3300,500,500,400,400,500,400,400,400,500,400,400,500,400,500,500,400,500,500,400,400,500,500,400,500,500,500,400,400,500,400,400,400,500,400,400,400,500,400,400,500,500,400,400,400,500,400,1900,500,400,400,400,500,400,400,400,500,500,400,400,500,500,400,400,401,500,400,400,400,500,1800,500,400,400,500,400,400,400,400,500,400,400,500,500,400,500,500,400,400,400,500,500,400,1600,500,500,400,400,500,500,400,400,500,500,400,400,400,500,400,400,400,400,400,400,400,400,500,500,400,500,400,400,400,500,400,400,400,500,400,400,400,500,400,400,400,500,500,400,500,500,1800,400,500,400,400,400,500,400,400,400,500,500,400,400,400,500,500,400,400,400,500,500,400,1700,500,400,500,400,500,500,400,400,500,500,400,400,500,400,400,400,500,500,400,400,400,500,500,500,500,400,400,500,500,400,400,400,500,400,400,500,500,400,400,500,500,400,400,400,500,400,400,400,500,400,400,500,400,500,500,400,400,400,400,500,400,400,400,500,400,400,500,500,400,1700,400,500,400,400,500,500,400,400,400,500,400,400,400,500,500,400,400,401,500,400,400,400,1700,500,400,400,500,400,400,500,400,400,500,400,400,400,500,400,400,400,500,400,400,400,500,400,500,400,500,500,400,400,500,400,400,400,500,500,400,400,500,500,400,400,400,500,400,400,400,1700,400,500,400,400,500,500,400,500,400,400,500,500,400,400,500,400,400,500,500,400,400,500,1700,500,400,500,400,400,400,500,400,400,400,500,400,400,400,400,500,400,401,400,500,400,400,3300,500,400,500,500,400,400,400,500,400,400,400,500,500,400,400,400,500,500,400,400,500,400,400,500,400,500,400,400,400,500,400,400,400,500,400,400,500,500,400,400,400,400,500,400,400,400,1800,400,500,400,400,400,500,400,400,400,500,400,400,400,500,400,400,400,400,500,400,400,400,1800,500,400,400,500,500,400,400,400,400,400,400,500,400,400,501,400,400,400,500,500,400,400,500,500,400,400,500,400,400,400,500,400,400,500,400,400,400,500,400,400,400,500,400,400,400,500,500,500,500,400,400,500,400,400,400,500,400\n",
  "stderr_tail": ""
}