{
  "cmd": [
    "node",
    "/workspace/plang/benchmarks/workloads/json/bench.js"
  ],
  "exit": 0,
  "wall_s": 0.036623374035116285,
  "loop_ns": 3271060,
  "cpu_user_s": 0.029350000000000015,
  "cpu_sys_s": 0.008385000000000004,
  "cpu_total_s": 0.03773500000000002,
  "rss_max_mib": 51.98828125,
  "iter_count": 5000,
  "p50_ns": 400.0,
  "p95_ns": 500.0,
  "p99_ns": 1601.0000000000218,
  "stdout_tail": "0,300,1300,400,300,300,300,400,400,400,400,300,300,300,300,300,400,400,400,300,300,300,400,400,400,400,300,300,300,300,300,400,400,400,300,300,300,300,300,300,300,400,400,400,300,300,400,400,400,400,300,300,300,300,300,300,400,400,400,400,400,400,300,300,300,300,300,300,400,400,400,300,1300,400,400,300,300,300,300,300,300,300,400,400,300,300,300,400,400,400,400,400,300,300,300,1400,300,300,400,400,400,400,400,301,300,300,300,400,400,400,400,300,300,300,300,300,400,400,400,400,300,300,300,300,300,400,400,400,400,400,300,300,300,300,300,400,400,400,300,300,300,300,1400,400,400,400,300,300,300,300,400,400,400,300,300,300,300,300,300,300,400,400,400,300,300,1300,400,400,300,300,300,300,300,300,300,400,400,400,300,300,300,300,400,400,400,300,300,300,1300,300,300,300,400,400,400,400,400,400,300,300,300,300,300,300,400,400,300,300,300,300,300,300,400,400,400,300,300,300,400,400,400,400,300,301,300,300,300,300,300,300,300,300,300,300,400,1400,300,300,300,300,300,300,300,300,300,300,400,400,400,300,300,300,300,300,300,300,300,400,1300,400,300,300,300,300,300,300,300,300,300,400,400,400,300,300,400,400,400,400,400,300,300,300,400,400,400,300,300,300,300,300,400,400,400,400,300,300,300,300,300,400,400,400,400,300,300,400,400,400,400,400,300,300,300,300,300,300,400,400,400,400,400,400,400,300,300,300,300,300,1500,400,300,300,300,300,301,300,300,300,400,400,400,400,300,300,300,300,300,300,400,400,400,2300,400,300,300,300,300,300,400,400,400,300,300,300,300,300,300,300,300,300,400,400,400,300,300,400,300,300,300,300,300,300,300,300,400,400,400,400,300,300,300,300,300,400,400,400,400,400,1300,300,300,300,300,400,400,400,300,300,300,300,300,300,400,400,400,300,300,300,300,300,400,1300,300,300,300,300,400,400,300,300,300,300,300,400,400,400,400,400,400,400,300,300,300,300,1200,300,300,300,300,400,401,400,300,300,300,300,300,300,300,300,300,300,400,400,400,400,300,300,400,400,300,300,300,400,400,400,400,300,300,300,300,300,400,400,400,400,400,400,300,300,300,1300,300,300,300,300,400\n",
  "stderr_tail": ""
}